Model,MAPE,MAE,RMSE,MBE,R2,Note
ARIMA,13.639630639651429,18162.24347510484,24019.559060890428,-1580.0331730687526,0.35372555617086365,Evaluated on daily data (30-day validation)
Exp Smoothing,18.917933366338893,25795.019221770446,29960.795649591666,-2221.2090013553284,-0.005526698474058955,Evaluated on daily data (30-day validation)
Prophet,49.12912704746829,57517.62868561775,65314.930213233376,54415.87080052991,-3.778722983481069,Evaluated on daily data (30-day validation)
