Month,ARIMA_DailyAgg,Exp Smoothing_DailyAgg,Prophet_DailyAgg,Ensemble_DailyAgg,Best_Model,Approach
2025-01,3954502.4711331776,4013890.5351311574,4289895.184035559,4086096.063433298,ARIMA,Daily→Monthly
2025-02,3625897.7638439187,3625449.515602336,4174850.785868098,3808732.6884381175,ARIMA,Daily→Monthly
2025-03,4071217.8647165657,4013890.5351311574,5000322.132012129,4361810.177286617,ARIMA,Daily→Monthly
